,Town,PageLink
0,Achhnera,/wiki/Achhnera
1,Adalaj,/wiki/Adalaj
2,Adoor,/wiki/Adoor
3,"Adra, Purulia","/wiki/Adra,_Purulia"
4,Afzalpur,/wiki/Afzalpur
5,Akot,/wiki/Akot
6,Alipurduar,/wiki/Alipurduar
7,Alirajpur,/wiki/Alirajpur
8,Almora,/wiki/Almora
9,Aluva,/wiki/Aluva
10,Amalapuram,/wiki/Amalapuram
11,Amalner,/wiki/Amalner
12,"Amaravathi (village), Guntur district","/wiki/Amaravathi_(village),_Guntur_district"
13,Ambejogai,/wiki/Ambejogai
14,Anakapalle,/wiki/Anakapalle
15,Angul,/wiki/Angul
16,"Anjar, India","/wiki/Anjar,_India"
17,Anjangaon,/wiki/Anjangaon
18,Anklesvar,/wiki/Anklesvar
19,Arakkonam,/wiki/Arakkonam
20,Araria,/wiki/Araria
21,Arambagh,/wiki/Arambagh
22,Arsikere,/wiki/Arsikere
23,Aruppukkottai,/wiki/Aruppukkottai
24,"Arvi, Wardha","/wiki/Arvi,_Wardha"
25,Arwal,/wiki/Arwal
26,Asarganj,/wiki/Asarganj
27,Ashok Nagar,/wiki/Ashok_Nagar
28,Athni,/wiki/Athni
29,Attili,/wiki/Attili
30,Attingal,/wiki/Attingal
31,Badrinath,/wiki/Badrinath
32,Bageshwar,/wiki/Bageshwar
33,Bajpur,/wiki/Bajpur
34,Balaghat,/wiki/Balaghat
35,Balangir Town,/wiki/Balangir_Town
36,/w/index.php?title=Banaganipalli&amp;action=edit&amp;redlink=1,new
37,Bapatla,/wiki/Bapatla
38,Barbil,/wiki/Barbil
39,Bargarh,/wiki/Bargarh
40,Barh,/wiki/Barh
41,"Barkot, India","/wiki/Barkot,_India"
42,Barpeta,/wiki/Barpeta
43,Bellampalle,/wiki/Bellampalle
44,"Belonia, India","/wiki/Belonia,_India"
45,Bhabua,/wiki/Bhabua
46,Bhadrachalam,/wiki/Bhadrachalam
47,Bhainsa,/wiki/Bhainsa
48,Bhaiseena,/wiki/Bhaiseena
49,Bhatapara,/wiki/Bhatapara
50,Bhawanipatna,/wiki/Bhawanipatna
51,Bheemunipatnam,/wiki/Bheemunipatnam
52,Bhimtal,/wiki/Bhimtal
53,Bhongir,/wiki/Bhongir
54,Bhowali,/wiki/Bhowali
55,Bhusawar,/wiki/Bhusawar
56,Bobbili,/wiki/Bobbili
57,Bodhan,/wiki/Bodhan
58,Bongaigaon,/wiki/Bongaigaon
59,Byasanagar,/wiki/Byasanagar
60,Bagha Kusmar,/wiki/Bagha_Kusmar
61,Chaibasa,/wiki/Chaibasa
62,Charkhi Dadri,/wiki/Charkhi_Dadri
63,Chatra,/wiki/Chatra
64,Chalakudy,/wiki/Chalakudy
65,Chamoli Gopeshwar,/wiki/Chamoli_Gopeshwar
66,Champawat,/wiki/Champawat
67,Changanassery,/wiki/Changanassery
68,Chengannur,/wiki/Chengannur
69,Cooch Behar,/wiki/Cooch_Behar
70,Cherthala,/wiki/Cherthala
71,Chhapra,/wiki/Chhapra
72,Chidambaram,/wiki/Chidambaram
73,Tamil nadu,/wiki/Tamil_nadu
74,Chirala,/wiki/Chirala
75,Chirkunda,/wiki/Chirkunda
76,Chirmiri,/wiki/Chirmiri
77,Chandpara,/wiki/Chandpara
78,Chittur-Thathamangalam,/wiki/Chittur-Thathamangalam
79,Dalli-Rajhara,/wiki/Dalli-Rajhara
80,Daltonganj,/wiki/Daltonganj
81,Degana,/wiki/Degana
82,Devprayag,/wiki/Devprayag
83,Dhamtari,/wiki/Dhamtari
84,Dharchula,/wiki/Dharchula
85,Dharmanagar,/wiki/Dharmanagar
86,"Dhenkanal, India","/wiki/Dhenkanal,_India"
87,Dhone,/wiki/Dhone
88,Andhrapradesh,/wiki/Andhrapradesh
89,Dhoraji,/wiki/Dhoraji
90,Dhubri,/wiki/Dhubri
91,Dhuri,/wiki/Dhuri
92,Didihat,/wiki/Didihat
93,Dineshpur,/wiki/Dineshpur
94,Diphu,/wiki/Diphu
95,Dogadda,/wiki/Dogadda
96,Doiwala,/wiki/Doiwala
97,Dumka,/wiki/Dumka
98,Dumraon,/wiki/Dumraon
99,Dwarahat,/wiki/Dwarahat
100,Ellenabad,/wiki/Ellenabad
101,"Faridkot, India","/wiki/Faridkot,_India"
102,Farooqnagar,/wiki/Farooqnagar
103,Fazilka,/wiki/Fazilka
104,Forbesganj,/wiki/Forbesganj
105,Firozpur Cantt.,/wiki/Firozpur_Cantt.
106,Faizabad,/wiki/Faizabad
107,Gadarpur,/wiki/Gadarpur
108,Gadwal,/wiki/Gadwal
109,Gangarampur,/wiki/Gangarampur
110,Gangotri,/wiki/Gangotri
111,Gavaravaram,/wiki/Gavaravaram
112,Gobichettipalayam,/wiki/Gobichettipalayam
113,Gobindgarh,/wiki/Gobindgarh
114,Gochar,/wiki/Gochar
115,Gohana,/wiki/Gohana
116,Golaghat,/wiki/Golaghat
117,Gokak,/wiki/Gokak
118,Gooty,/wiki/Gooty
119,"Gopalganj, India","/wiki/Gopalganj,_India"
120,Gudur,/wiki/Gudur
121,Gunupur,/wiki/Gunupur
122,Gumia,/wiki/Gumia
123,Gurdaspur,/wiki/Gurdaspur
124,Guruvayoor,/wiki/Guruvayoor
125,Hansi,/wiki/Hansi
126,Herbertpur,/wiki/Herbertpur
127,Itarsi,/wiki/Itarsi
128,Indore,/wiki/Indore
129,Inkollu,/wiki/Inkollu
130,Andhra pradesh,/wiki/Andhra_pradesh
131,J,mw-headline
132,Jaggaiahpet,/wiki/Jaggaiahpet
133,Jagraon,/wiki/Jagraon
134,Jagtial,/wiki/Jagtial
135,Jalandhar Cantt.,/wiki/Jalandhar_Cantt.
136,Jammalamadugu,/wiki/Jammalamadugu
137,Jamui,/wiki/Jamui
138,"Jangaon, Warangal district","/wiki/Jangaon,_Warangal_district"
139,Jaspur,/wiki/Jaspur
140,Jatani,/wiki/Jatani
141,Jhabrera,/wiki/Jhabrera
142,Jhargram,/wiki/Jhargram
143,Jharsuguda,/wiki/Jharsuguda
144,Jhumri Tilaiya,/wiki/Jhumri_Tilaiya
145,Jorhat,/wiki/Jorhat
146,Joshimath,/wiki/Joshimath
147,text-align:center;,text-align:right;
148,Kadiri,/wiki/Kadiri
149,Kagaznagar,/wiki/Kagaznagar
150,Kailasahar,/wiki/Kailasahar
151,Kaladhungi,/wiki/Kaladhungi
152,Kallakurichi,/wiki/Kallakurichi
153,Kalimpong,/wiki/Kalimpong
154,Kalpi,/wiki/Kalpi
155,Kamareddy,/wiki/Kamareddy
156,Kanigiri,/wiki/Kanigiri
157,Kandukur,/wiki/Kandukur
158,Kanhangad,/wiki/Kanhangad
159,Kannur,/wiki/Kannur
160,Kapadvanj,/wiki/Kapadvanj
161,Karaikal,/wiki/Karaikal
162,Puducherry,/wiki/Puducherry
163,Karimganj,/wiki/Karimganj
164,Karjat,/wiki/Karjat
165,Karnaprayag,/wiki/Karnaprayag
166,Karur,/wiki/Karur
167,Kasaragod,/wiki/Kasaragod
168,Kathua,/wiki/Kathua
169,Kavali,/wiki/Kavali
170,Kayamkulam,/wiki/Kayamkulam
171,Kedarnath,/wiki/Kedarnath
172,Kela Khera,/wiki/Kela_Khera
173,Kendrapara,/wiki/Kendrapara
174,Kendujhar,/wiki/Kendujhar
175,Keshod,/wiki/Keshod
176,Khambhat,/wiki/Khambhat
177,"Khanda, Sonipat","/wiki/Khanda,_Sonipat"
178,"Kharar, Mohali","/wiki/Kharar,_Mohali"
179,Khatima,/wiki/Khatima
180,Khowai,/wiki/Khowai
181,Kichha,/wiki/Kichha
182,Kirtinagar,/wiki/Kirtinagar
183,Kodungallur,/wiki/Kodungallur
184,Kohima,/wiki/Kohima
185,Koratla,/wiki/Koratla
186,Kot Kapura,/wiki/Kot_Kapura
187,Kotdwar,/wiki/Kotdwar
188,Kothagudem,/wiki/Kothagudem
189,Kottayam,/wiki/Kottayam
190,Kovvur,/wiki/Kovvur
191,Kunnamkulam,/wiki/Kunnamkulam
192,Kyathampalle,/wiki/Kyathampalle
193,"Kumarganj, Faizabad","/wiki/Kumarganj,_Faizabad"
194,L,mw-headline
195,Lachhmangarh,/wiki/Lachhmangarh
196,Ladnu,/wiki/Ladnu
197,Ladwa,/wiki/Ladwa
198,"Lahar, India","/wiki/Lahar,_India"
199,Laharpur,/wiki/Laharpur
200,Lakheri,/wiki/Lakheri
201,Lakhisarai,/wiki/Lakhisarai
202,Laksar,/wiki/Laksar
203,Lakshmeshwar,/wiki/Lakshmeshwar
204,Lal Gopalganj Nindaura,/wiki/Lal_Gopalganj_Nindaura
205,Lalgudi,/wiki/Lalgudi
206,Lalkuan,/wiki/Lalkuan
207,Lalsot,/wiki/Lalsot
208,Landhaura,/wiki/Landhaura
209,Lilong (Thoubal),/wiki/Lilong_(Thoubal)
210,Limbdi,/wiki/Limbdi
211,Lingsugur,/wiki/Lingsugur
212,"Loha, Nanded","/wiki/Loha,_Nanded"
213,Lohaghat,/wiki/Lohaghat
214,Lohardaga,/wiki/Lohardaga
215,Lonar,/wiki/Lonar
216,Lonavla,/wiki/Lonavla
217,Longowal,/wiki/Longowal
218,Losal,/wiki/Losal
219,Lumding,/wiki/Lumding
220,Lunawada,/wiki/Lunawada
221,Lunglei,/wiki/Lunglei
222,text-align:center;,text-align:right;
223,Macherla,/wiki/Macherla
224,"Maddur, Mandya","/wiki/Maddur,_Mandya"
225,Madhepura,/wiki/Madhepura
226,"Madhubani, India","/wiki/Madhubani,_India"
227,Madhugiri,/wiki/Madhugiri
228,"Madhupur, Deoghar","/wiki/Madhupur,_Deoghar"
229,Madikeri,/wiki/Madikeri
230,Magadi,/wiki/Magadi
231,Mahad,/wiki/Mahad
232,Mahalingapura,/wiki/Mahalingapura
233,"Maharajganj, Siwan","/wiki/Maharajganj,_Siwan"
234,Maharajpur,/wiki/Maharajpur
235,Mahasamund,/wiki/Mahasamund
236,"Mahé, India","/wiki/Mah%C3%A9,_India"
237,Puducherry,/wiki/Puducherry
238,Manendragarh,/wiki/Manendragarh
239,Mahendragarh,/wiki/Mahendragarh
240,Mahnar Bazar,/wiki/Mahnar_Bazar
241,Mahua Dabra Haripura,/wiki/Mahua_Dabra_Haripura
242,Mahua Kheraganj,/wiki/Mahua_Kheraganj
243,Maihar,/wiki/Maihar
244,Mainaguri,/wiki/Mainaguri
245,Makhdumpur,/wiki/Makhdumpur
246,Makrana,/wiki/Makrana
247,English Bazar,/wiki/English_Bazar
248,Malaj Khand,/wiki/Malaj_Khand
249,Malavalli,/wiki/Malavalli
250,Malkangiri,/wiki/Malkangiri
251,"Malkapur, Buldhana","/wiki/Malkapur,_Buldhana"
252,Malout,/wiki/Malout
253,Malpura,/wiki/Malpura
254,Malur,/wiki/Malur
255,Manachanallur,/wiki/Manachanallur
256,Manavadar,/wiki/Manavadar
257,Manawar,/wiki/Manawar
258,Mandalgarh,/wiki/Mandalgarh
259,Mandamarri,/wiki/Mandamarri
260,Mandapeta,/wiki/Mandapeta
261,Mandawa,/wiki/Mandawa
262,Mandi Dabwali,/wiki/Mandi_Dabwali
263,Mandideep,/wiki/Mandideep
264,Mandla,/wiki/Mandla
265,Mandvi,/wiki/Mandvi
266,Maner Sharif,/wiki/Maner_Sharif
267,Mangaldoi,/wiki/Mangaldoi
268,Mangalvedhe,/wiki/Mangalvedhe
269,Manglaur,/wiki/Manglaur
270,"Mangrol, Kathiawar","/wiki/Mangrol,_Kathiawar"
271,Mangrulpir,/wiki/Mangrulpir
272,Manihari,/wiki/Manihari
273,Manjlegaon,/wiki/Manjlegaon
274,Mankachar,/wiki/Mankachar
275,Manmad,/wiki/Manmad
276,"Mansa, Punjab","/wiki/Mansa,_Punjab"
277,Manuguru,/wiki/Manuguru
278,Manvi,/wiki/Manvi
279,Manwath,/wiki/Manwath
280,Mapusa,/wiki/Mapusa
281,Margao,/wiki/Margao
282,Marhaura,/wiki/Marhaura
283,"Mariani, Jorhat","/wiki/Mariani,_Jorhat"
284,Marigaon,/wiki/Marigaon
285,Markapur,/wiki/Markapur
286,Masaurhi,/wiki/Masaurhi
287,Mathabhanga,/wiki/Mathabhanga
288,Mattannur,/wiki/Mattannur
289,Mauganj,/wiki/Mauganj
290,Mavelikkara,/wiki/Mavelikkara
291,Mavoor,/wiki/Mavoor
292,Mayang Imphal,/wiki/Mayang_Imphal
293,Medak,/wiki/Medak
294,Medinipur,/wiki/Medinipur
295,Mehkar,/wiki/Mehkar
296,Mahemdabad,/wiki/Mahemdabad
297,Memari,/wiki/Memari
298,Merta City,/wiki/Merta_City
299,Mhaswad,/wiki/Mhaswad
300,Mhow,/wiki/Mhow
301,Mhowgaon,/wiki/Mhowgaon
302,Mihijam,/wiki/Mihijam
303,Miryalaguda,/wiki/Miryalaguda
304,Modasa,/wiki/Modasa
305,Mokameh,/wiki/Mokameh
306,Mokokchung,/wiki/Mokokchung
307,Monoharpur,/wiki/Monoharpur
308,"Morinda, India","/wiki/Morinda,_India"
309,Morshi,/wiki/Morshi
310,"Motipur, India","/wiki/Motipur,_India"
311,Mount Abu,/wiki/Mount_Abu
312,Mudalagi,/wiki/Mudalagi
313,Mudabidri,/wiki/Mudabidri
314,Muddebihal,/wiki/Muddebihal
315,Mudhol,/wiki/Mudhol
316,Mukerian,/wiki/Mukerian
317,Mukhed,/wiki/Mukhed
318,Muktsar,/wiki/Muktsar
319,"Mul, India","/wiki/Mul,_India"
320,Mulbagal,/wiki/Mulbagal
321,Multai,/wiki/Multai
322,Mundi,/wiki/Mundi
323,Mundargi,/wiki/Mundargi
324,Mungeli,/wiki/Mungeli
325,Muni Ki Reti,/wiki/Muni_Ki_Reti
326,Murliganj,/wiki/Murliganj
327,Murshidabad,/wiki/Murshidabad
328,Murtijapur,/wiki/Murtijapur
329,Musabani,/wiki/Musabani
330,Mussoorie,/wiki/Mussoorie
331,Muvattupuzha,/wiki/Muvattupuzha
332,/w/index.php?title=MUZAFFARPUR&amp;action=edit&amp;redlink=1,new
333,Nabarangapur,/wiki/Nabarangapur
334,Nabha,/wiki/Nabha
335,Nadbai,/wiki/Nadbai
336,Nagarkurnool,/wiki/Nagarkurnool
337,Nagina,/wiki/Nagina
338,Nagla,/wiki/Nagla
339,Nahan,/wiki/Nahan
340,Naharlagun,/wiki/Naharlagun
341,Naidupet,/wiki/Naidupet
342,Naila Janjgir,/wiki/Naila_Janjgir
343,Nainital,/wiki/Nainital
344,Nainpur,/wiki/Nainpur
345,Najibabad,/wiki/Najibabad
346,Nakodar,/wiki/Nakodar
347,Nakur,/wiki/Nakur
348,Nalbari,/wiki/Nalbari
349,Namagiripettai,/wiki/Namagiripettai
350,Namakkal,/wiki/Namakkal
351,Nandaprayag,/wiki/Nandaprayag
352,Nandivaram-Guduvancheri,/wiki/Nandivaram-Guduvancheri
353,Nandura,/wiki/Nandura
354,Nangal,/wiki/Nangal
355,Nanjangud,/wiki/Nanjangud
356,Nanjikottai,/wiki/Nanjikottai
357,Nanpara,/wiki/Nanpara
358,"Narasapuram, West Godavari","/wiki/Narasapuram,_West_Godavari"
359,Naraura,/wiki/Naraura
360,Narayanpet,/wiki/Narayanpet
361,Narendranagar,/wiki/Narendranagar
362,Nargund,/wiki/Nargund
363,Narkatiaganj,/wiki/Narkatiaganj
364,Narkhed,/wiki/Narkhed
365,Narnaul,/wiki/Narnaul
366,"Narsinghgarh, Damoh","/wiki/Narsinghgarh,_Damoh"
367,"Narsinghgarh, Rajgarh","/wiki/Narsinghgarh,_Rajgarh"
368,Narsipatnam,/wiki/Narsipatnam
369,Narwana,/wiki/Narwana
370,"Nasirabad, Ajmer","/wiki/Nasirabad,_Ajmer"
371,Natham,/wiki/Natham
372,Nathdwara,/wiki/Nathdwara
373,Naugachhia,/wiki/Naugachhia
374,Naugawan Sadat,/wiki/Naugawan_Sadat
375,"Naura, India","/wiki/Naura,_India"
376,Punjab,/wiki/Punjab
377,Nautanwa,/wiki/Nautanwa
378,Navalgund,/wiki/Navalgund
379,"Nawabganj, Bareilly","/wiki/Nawabganj,_Bareilly"
380,Nawada,/wiki/Nawada
381,Nawanshahr,/wiki/Nawanshahr
382,Nawapur,/wiki/Nawapur
383,Nedumangad,/wiki/Nedumangad
384,Nedumbassery,/wiki/Nedumbassery
385,Neem-Ka-Thana,/wiki/Neem-Ka-Thana
386,Nehtaur,/wiki/Nehtaur
387,Nelamangala,/wiki/Nelamangala
388,Nellikuppam,/wiki/Nellikuppam
389,Nepanagar,/wiki/Nepanagar
390,Neyyattinkara,/wiki/Neyyattinkara
391,Nidadavole,/wiki/Nidadavole
392,Nilanga,/wiki/Nilanga
393,Nilambur,/wiki/Nilambur
394,Nimbahera,/wiki/Nimbahera
395,Nirmal,/wiki/Nirmal
396,Niwai,/wiki/Niwai
397,Nohar,/wiki/Nohar
398,"Nokha, Rohtas","/wiki/Nokha,_Rohtas"
399,"Nokha, Bikaner","/wiki/Nokha,_Bikaner"
400,Nongstoin,/wiki/Nongstoin
401,Meghalaya,/wiki/Meghalaya
402,North Lakhimpur,/wiki/North_Lakhimpur
403,"Nowgong, Chhatarpur","/wiki/Nowgong,_Chhatarpur"
404,Nowrozabad,/wiki/Nowrozabad
405,Nuzvid,/wiki/Nuzvid
406,text-align:center;,text-align:right;
407,O' Valley,/wiki/O%27_Valley
408,Oddanchatram,/wiki/Oddanchatram
409,"Obra, India","/wiki/Obra,_India"
410,Ottappalam,/wiki/Ottappalam
411,"Ozar, Nashik District","/wiki/Ozar,_Nashik_District"
412,Owk,/wiki/Owk
413,text-align:center;,text-align:right;
414,P.N.Patti,/wiki/P.N.Patti
415,Palampur,/wiki/Palampur
416,Pachora,/wiki/Pachora
417,Pachore,/wiki/Pachore
418,Pacode,/wiki/Pacode
419,Padmanabhapuram,/wiki/Padmanabhapuram
420,Padra,/wiki/Padra
421,Padrauna,/wiki/Padrauna
422,Paithan,/wiki/Paithan
423,Pakaur,/wiki/Pakaur
424,Palai,/wiki/Palai
425,Palani,/wiki/Palani
426,Palasa-Kasibugga,/wiki/Palasa-Kasibugga
427,Palghar,/wiki/Palghar
428,"Pali, Umaria","/wiki/Pali,_Umaria"
429,Palia Kalan,/wiki/Palia_Kalan
430,Palitana,/wiki/Palitana
431,Palladam,/wiki/Palladam
432,"Pallapatti, Virudhunagar","/wiki/Pallapatti,_Virudhunagar"
433,Pallikonda,/wiki/Pallikonda
434,Palwancha,/wiki/Palwancha
435,Panagar,/wiki/Panagar
436,Panagudi,/wiki/Panagudi
437,Panaji,/wiki/Panaji
438,Panamattom,/wiki/Panamattom
439,Panchla,/wiki/Panchla
440,Pandharkaoda,/wiki/Pandharkaoda
441,Pandharpur,/wiki/Pandharpur
442,Pandhurna,/wiki/Pandhurna
443,"Pandua, Hooghly","/wiki/Pandua,_Hooghly"
444,"Panna, India","/wiki/Panna,_India"
445,Panniyannur,/wiki/Panniyannur
446,Panruti,/wiki/Panruti
447,Pappinisseri,/wiki/Pappinisseri
448,Paradip,/wiki/Paradip
449,Paramakudi,/wiki/Paramakudi
450,Parangipettai,/wiki/Parangipettai
451,Parasi,/wiki/Parasi
452,"Paravur, Kollam","/wiki/Paravur,_Kollam"
453,Pardi,/wiki/Pardi
454,Parlakhemundi,/wiki/Parlakhemundi
455,Partur,/wiki/Partur
456,Pasan,/wiki/Pasan
457,Paschim Punropara,/wiki/Paschim_Punropara
458,Pasighat,/wiki/Pasighat
459,Pathanamthitta,/wiki/Pathanamthitta
460,Pathardi,/wiki/Pathardi
461,Pathri,/wiki/Pathri
462,Pattran,/wiki/Pattran
463,Pattamundai,/wiki/Pattamundai
464,"Patti, Punjab","/wiki/Patti,_Punjab"
465,Pattukkottai,/wiki/Pattukkottai
466,Patur,/wiki/Patur
467,Pauni,/wiki/Pauni
468,Pauri,/wiki/Pauri
469,Pavagada,/wiki/Pavagada
470,Pedana,/wiki/Pedana
471,Peddapuram,/wiki/Peddapuram
472,Pehowa,/wiki/Pehowa
473,"Pen, India","/wiki/Pen,_India"
474,Perambalur,/wiki/Perambalur
475,Peravurani,/wiki/Peravurani
476,Peringathur,/wiki/Peringathur
477,Perinthalmanna,/wiki/Perinthalmanna
478,Periyakulam,/wiki/Periyakulam
479,Periyasemur,/wiki/Periyasemur
480,Pernampattu,/wiki/Pernampattu
481,Perumbavoor,/wiki/Perumbavoor
482,Petlad,/wiki/Petlad
483,Phalodi,/wiki/Phalodi
484,Phaltan,/wiki/Phaltan
485,Phagwara,/wiki/Phagwara
486,Phillaur,/wiki/Phillaur
487,Phulabani,/wiki/Phulabani
488,Phulera,/wiki/Phulera
489,"Phulpur, Allahabad","/wiki/Phulpur,_Allahabad"
490,Pihani,/wiki/Pihani
491,Pilani,/wiki/Pilani
492,Pilibanga,/wiki/Pilibanga
493,Pilkhuwa,/wiki/Pilkhuwa
494,Pindwara,/wiki/Pindwara
495,Pipar City,/wiki/Pipar_City
496,"Piro, Bhojpur","/wiki/Piro,_Bhojpur"
497,Piriyapatna,/wiki/Piriyapatna
498,Pithampur,/wiki/Pithampur
499,Pithapuram,/wiki/Pithapuram
500,Pithoragarh,/wiki/Pithoragarh
501,Polur,/wiki/Polur
502,Ponnani,/wiki/Ponnani
503,Ponneri,/wiki/Ponneri
504,Ponnur,/wiki/Ponnur
505,Porsa,/wiki/Porsa
506,Port Blair,/wiki/Port_Blair
507,Andaman and Nicobar Islands,/wiki/Andaman_and_Nicobar_Islands
508,Powayan,/wiki/Powayan
509,Prantij,/wiki/Prantij
510,Prithvipur,/wiki/Prithvipur
511,Pudupattinam,/wiki/Pudupattinam
512,Pukhrayan,/wiki/Pukhrayan
513,Pulgaon,/wiki/Pulgaon
514,Puliyankudi,/wiki/Puliyankudi
515,Punalur,/wiki/Punalur
516,Poonch (town),/wiki/Poonch_(town)
517,Punjaipugalur,/wiki/Punjaipugalur
518,Punganur,/wiki/Punganur
519,Puranpur,/wiki/Puranpur
520,Purna,/wiki/Purna
521,Purquazi,/wiki/Purquazi
522,Purwa,/wiki/Purwa
523,Pusad,/wiki/Pusad
524,"Puthuppally, Kottayam","/wiki/Puthuppally,_Kottayam"
525,Q,mw-headline
526,Qadian,/wiki/Qadian
527,Koyilandy,/wiki/Koyilandy
528,text-align:center;,text-align:right;
529,Rabkavi Banhatti,/wiki/Rabkavi_Banhatti
530,Radhanpur,/wiki/Radhanpur
531,Rafiganj,/wiki/Rafiganj
532,Raghogarh-Vijaypur,/wiki/Raghogarh-Vijaypur
533,"Raghunathpur, Purulia","/wiki/Raghunathpur,_Purulia"
534,Rahatgarh,/wiki/Rahatgarh
535,Rahuri,/wiki/Rahuri
536,Raikot,/wiki/Raikot
537,Rairangpur,/wiki/Rairangpur
538,Raisen,/wiki/Raisen
539,Raisinghnagar,/wiki/Raisinghnagar
540,Rajagangapur,/wiki/Rajagangapur
541,Rajakhera,/wiki/Rajakhera
542,Rajaldesar,/wiki/Rajaldesar
543,Rajam,/wiki/Rajam
544,Rajauri,/wiki/Rajauri
545,Rajesultanpur,/wiki/Rajesultanpur
546,"Rajgarh, Alwar","/wiki/Rajgarh,_Alwar"
547,"Rajgarh, Churu","/wiki/Rajgarh,_Churu"
548,Rajgir,/wiki/Rajgir
549,Rajpipla,/wiki/Rajpipla
550,Rajpura,/wiki/Rajpura
551,Rajsamand,/wiki/Rajsamand
552,Rajula,/wiki/Rajula
553,Rajura,/wiki/Rajura
554,"Ramachandrapuram, East Godavari","/wiki/Ramachandrapuram,_East_Godavari"
555,Ramanagaram,/wiki/Ramanagaram
556,Ramanathapuram,/wiki/Ramanathapuram
557,Ramdurg,/wiki/Ramdurg
558,Rameshwaram,/wiki/Rameshwaram
559,Ramganj Mandi,/wiki/Ramganj_Mandi
560,"Ramgarh, Sikar","/wiki/Ramgarh,_Sikar"
561,"Ramnagar, Paschim Champaran","/wiki/Ramnagar,_Paschim_Champaran"
562,Rampur Maniharan,/wiki/Rampur_Maniharan
563,Rampura Phul,/wiki/Rampura_Phul
564,Rampurhat,/wiki/Rampurhat
565,Ramtek,/wiki/Ramtek
566,Ranavav,/wiki/Ranavav
567,Rangiya,/wiki/Rangiya
568,Ranibennur,/wiki/Ranibennur
569,Rapar,/wiki/Rapar
570,Rasipuram,/wiki/Rasipuram
571,Rasra,/wiki/Rasra
572,"Ratangarh, Churu","/wiki/Ratangarh,_Churu"
573,"Rath, India","/wiki/Rath,_India"
574,Ratia,/wiki/Ratia
575,Ratnagiri,/wiki/Ratnagiri
576,Rau,/wiki/Rau
577,Rawatbhata,/wiki/Rawatbhata
578,Rawatsar,/wiki/Rawatsar
579,Raxaul Bazar,/wiki/Raxaul_Bazar
580,Rayachoti,/wiki/Rayachoti
581,Rayadurg,/wiki/Rayadurg
582,Rayagada,/wiki/Rayagada
583,Reengus,/wiki/Reengus
584,Rehli,/wiki/Rehli
585,Renigunta,/wiki/Renigunta
586,Renukoot,/wiki/Renukoot
587,Reoti,/wiki/Reoti
588,Repalle,/wiki/Repalle
589,Revelganj,/wiki/Revelganj
590,Rishikesh,/wiki/Rishikesh
591,Risod,/wiki/Risod
592,Robertsganj,/wiki/Robertsganj
593,Rosera,/wiki/Rosera
594,Rudauli,/wiki/Rudauli
595,Rudraprayag,/wiki/Rudraprayag
596,Rupnagar,/wiki/Rupnagar
597,S,mw-headline
598,Sabalgarh,/wiki/Sabalgarh
599,Sadasivpet,/wiki/Sadasivpet
600,Sadri,/wiki/Sadri
601,Sadulshahar,/wiki/Sadulshahar
602,Safidon,/wiki/Safidon
603,Safipur,/wiki/Safipur
604,Sagwara,/wiki/Sagwara
605,Sahaspur,/wiki/Sahaspur
606,Sahaswan,/wiki/Sahaswan
607,Sahawar,/wiki/Sahawar
608,Sahibganj,/wiki/Sahibganj
609,Sahjanwa,/wiki/Sahjanwa
610,"Saidpur, Ghazipur","/wiki/Saidpur,_Ghazipur"
611,Saiha,/wiki/Saiha
612,Sailu,/wiki/Sailu
613,Sainthia,/wiki/Sainthia
614,Sakaleshapura,/wiki/Sakaleshapura
615,Salaya,/wiki/Salaya
616,Salur,/wiki/Salur
617,Samalkha,/wiki/Samalkha
618,Samalkot,/wiki/Samalkot
619,"Samana, Patiala","/wiki/Samana,_Patiala"
620,Samastipur,/wiki/Samastipur
621,Samdhan,/wiki/Samdhan
622,Samthar,/wiki/Samthar
623,Sanand,/wiki/Sanand
624,Sanawad,/wiki/Sanawad
625,Sanchore,/wiki/Sanchore
626,Sanivarapupeta,/wiki/Sanivarapupeta
627,Sarsod,/wiki/Sarsod
628,Sindagi,/wiki/Sindagi
629,Sandila,/wiki/Sandila
630,Sanduru,/wiki/Sanduru
631,Sangamner,/wiki/Sangamner
632,Sangareddy,/wiki/Sangareddy
633,Sangole,/wiki/Sangole
634,Sangrur,/wiki/Sangrur
635,Sankarankovil,/wiki/Sankarankovil
636,Sankari,/wiki/Sankari
637,Sankeshwara,/wiki/Sankeshwara
638,Sardarshahar,/wiki/Sardarshahar
639,Sardhana,/wiki/Sardhana
640,Sarsawa,/wiki/Sarsawa
641,Nagar Palika,/wiki/Nagar_Palika
642,Sasvad,/wiki/Sasvad
643,Satana (India),/wiki/Satana_(India)
644,Sathyamangalam,/wiki/Sathyamangalam
645,Satrampadu,/wiki/Satrampadu
646,Sattenapalle,/wiki/Sattenapalle
647,Sattur,/wiki/Sattur
648,Saunda,/wiki/Saunda
649,Saundatti-Yellamma,/wiki/Saundatti-Yellamma
650,Sausar,/wiki/Sausar
651,Savarkundla,/wiki/Savarkundla
652,"Savanur, Haveri","/wiki/Savanur,_Haveri"
653,Savner,/wiki/Savner
654,Sawantwadi,/wiki/Sawantwadi
655,Sedam,/wiki/Sedam
656,Sehore,/wiki/Sehore
657,Sendhwa,/wiki/Sendhwa
658,Seohara,/wiki/Seohara
659,Seoni,/wiki/Seoni
660,Seoni Malwa,/wiki/Seoni_Malwa
661,"Shahabad, Gulbarga","/wiki/Shahabad,_Gulbarga"
662,"Shahabad, Hardoi","/wiki/Shahabad,_Hardoi"
663,"Shahabad, Rampur","/wiki/Shahabad,_Rampur"
664,Shahbad,/wiki/Shahbad
665,Shahdol,/wiki/Shahdol
666,Shahganj,/wiki/Shahganj
667,"Shahpura, Jaipur","/wiki/Shahpura,_Jaipur"
668,"Shahpura, Bhilwara","/wiki/Shahpura,_Bhilwara"
669,Shajapur,/wiki/Shajapur
670,Shaktigarh,/wiki/Shaktigarh
671,Shamgarh,/wiki/Shamgarh
672,Shamli,/wiki/Shamli
673,"Shamsabad, Agra","/wiki/Shamsabad,_Agra"
674,"Shamsabad, Farrukhabad","/wiki/Shamsabad,_Farrukhabad"
675,Shegaon,/wiki/Shegaon
676,Sheikhpura,/wiki/Sheikhpura
677,Shendurjana,/wiki/Shendurjana
678,Shenkottai,/wiki/Shenkottai
679,Sheoganj,/wiki/Sheoganj
680,Sheohar,/wiki/Sheohar
681,Sheopur,/wiki/Sheopur
682,Sherghati,/wiki/Sherghati
683,Sherkot,/wiki/Sherkot
684,Shiggaon,/wiki/Shiggaon
685,Shikaripur,/wiki/Shikaripur
686,"Shikarpur, Bulandshahr","/wiki/Shikarpur,_Bulandshahr"
687,Shikohabad,/wiki/Shikohabad
688,Shirdi,/wiki/Shirdi
689,Shirpur-Warwade,/wiki/Shirpur-Warwade
690,Shishgarh,/wiki/Shishgarh
691,Sholavandan,/wiki/Sholavandan
692,Sholingur,/wiki/Sholingur
693,Shoranur,/wiki/Shoranur
694,Surapura,/wiki/Surapura
695,Shrigonda,/wiki/Shrigonda
696,Shrirampur,/wiki/Shrirampur
697,Shrirangapattana,/wiki/Shrirangapattana
698,Shujalpur,/wiki/Shujalpur
699,Siana,/wiki/Siana
700,Sibsagar,/wiki/Sibsagar
701,Siddipet,/wiki/Siddipet
702,Sidhi,/wiki/Sidhi
703,Sidhpur,/wiki/Sidhpur
704,Sidlaghatta,/wiki/Sidlaghatta
705,Sihor,/wiki/Sihor
706,Sihora,/wiki/Sihora
707,Sikandra Rao,/wiki/Sikandra_Rao
708,Sikandrabad,/wiki/Sikandrabad
709,Silao,/wiki/Silao
710,Silapathar,/wiki/Silapathar
711,Sillod,/wiki/Sillod
712,Silvassa,/wiki/Silvassa
713,Dadra and Nagar Haveli,/wiki/Dadra_and_Nagar_Haveli
714,Simdega,/wiki/Simdega
715,Sindhagi,/wiki/Sindhagi
716,Sindhnur,/wiki/Sindhnur
717,Sinnar,/wiki/Sinnar
718,"Sira, India","/wiki/Sira,_India"
719,Sircilla,/wiki/Sircilla
720,Sirhind-Fategarh,/wiki/Sirhind-Fategarh
721,Sirkali,/wiki/Sirkali
722,Sirohi,/wiki/Sirohi
723,Sironj,/wiki/Sironj
724,Sirsaganj,/wiki/Sirsaganj
725,Siruguppa,/wiki/Siruguppa
726,Sitamarhi,/wiki/Sitamarhi
727,Sitarganj,/wiki/Sitarganj
728,Sivaganga,/wiki/Sivaganga
729,"Sivagiri, Tirunelveli","/wiki/Sivagiri,_Tirunelveli"
730,Sohagpur,/wiki/Sohagpur
731,Sohna,/wiki/Sohna
732,Sojat,/wiki/Sojat
733,Sonamukhi,/wiki/Sonamukhi
734,Songadh,/wiki/Songadh
735,Sopore,/wiki/Sopore
736,"Soro, Baleshwar","/wiki/Soro,_Baleshwar"
737,Soron,/wiki/Soron
738,Soyagaon,/wiki/Soyagaon
739,Sri Madhopur,/wiki/Sri_Madhopur
740,Srikalahasti,/wiki/Srikalahasti
741,Srinivaspur,/wiki/Srinivaspur
742,Srisailam Project (RFC) Township,/wiki/Srisailam_Project_(RFC)_Township
743,Srirampore subdivision,/wiki/Srirampore_subdivision
744,Srivilliputhur,/wiki/Srivilliputhur
745,Suar,/wiki/Suar
746,Sugauli,/wiki/Sugauli
747,Sujangarh,/wiki/Sujangarh
748,Sujanpur,/wiki/Sujanpur
749,Sultanganj,/wiki/Sultanganj
750,Sullurpeta,/wiki/Sullurpeta
751,Sumerpur,/wiki/Sumerpur
752,Sunabeda,/wiki/Sunabeda
753,Sunam,/wiki/Sunam
754,Sundargarh,/wiki/Sundargarh
755,Sundarnagar,/wiki/Sundarnagar
756,Supaul,/wiki/Supaul
757,Surandai,/wiki/Surandai
758,Suratgarh,/wiki/Suratgarh
759,"Suri, Birbhum","/wiki/Suri,_Birbhum"
760,Suriyampalayam,/wiki/Suriyampalayam
761,T,mw-headline
762,Takhatgarh,/wiki/Takhatgarh
763,Taki (India),/wiki/Taki_(India)
764,Talaja,/wiki/Talaja
765,Talcher,/wiki/Talcher
766,Talegaon Dabhade,/wiki/Talegaon_Dabhade
767,Taliparamba,/wiki/Taliparamba
768,Talode,/wiki/Talode
769,Talwara,/wiki/Talwara
770,Tamluk,/wiki/Tamluk
771,Tanakpur,/wiki/Tanakpur
772,"Tanda, Ambedkar Nagar","/wiki/Tanda,_Ambedkar_Nagar"
773,Tandur,/wiki/Tandur
774,Tanuku,/wiki/Tanuku
775,Tarakeswar,/wiki/Tarakeswar
776,Tarana,/wiki/Tarana
777,Taranagar,/wiki/Taranagar
778,Taraori,/wiki/Taraori
779,Tarbha,/wiki/Tarbha
780,"Tarikere, Chikmagalur","/wiki/Tarikere,_Chikmagalur"
781,Tarn Taran Sahib,/wiki/Tarn_Taran_Sahib
782,Tasgaon,/wiki/Tasgaon
783,Tehri,/wiki/Tehri
784,Tekkalakote,/wiki/Tekkalakote
785,Tenkasi,/wiki/Tenkasi
786,Tenu dam-cum-Kathhara,/wiki/Tenu_dam-cum-Kathhara
787,Terdal,/wiki/Terdal
788,Tezpur,/wiki/Tezpur
789,Thakurdwara,/wiki/Thakurdwara
790,Thammampatti,/wiki/Thammampatti
791,Thana Bhawan,/wiki/Thana_Bhawan
792,Thangadh,/wiki/Thangadh
793,Tharad,/wiki/Tharad
794,Tharamangalam,/wiki/Tharamangalam
795,Tharangambadi,/wiki/Tharangambadi
796,Theni Allinagaram,/wiki/Theni_Allinagaram
797,"Tirumangalam, Madurai","/wiki/Tirumangalam,_Madurai"
798,"Thirupuvanam, Sivaganga","/wiki/Thirupuvanam,_Sivaganga"
799,Thiruthuraipoondi,/wiki/Thiruthuraipoondi
800,Thiruvalla,/wiki/Thiruvalla
801,Thiruvallur,/wiki/Thiruvallur
802,Thiruvarur,/wiki/Thiruvarur
803,Thodupuzha,/wiki/Thodupuzha
804,Thoubal,/wiki/Thoubal
805,Thrippunithura,/wiki/Thrippunithura
806,Thrissur,/wiki/Thrissur
807,Thuraiyur,/wiki/Thuraiyur
808,Tikamgarh,/wiki/Tikamgarh
809,Tilda Newra,/wiki/Tilda_Newra
810,Tilhar,/wiki/Tilhar
811,Talikota,/wiki/Talikota
812,Tindivanam,/wiki/Tindivanam
813,Tinsukia,/wiki/Tinsukia
814,Tiptur,/wiki/Tiptur
815,Tirora,/wiki/Tirora
816,Tiruchendur,/wiki/Tiruchendur
817,Tiruchengode,/wiki/Tiruchengode
818,Tirukalukundram,/wiki/Tirukalukundram
819,Tirukkoyilur,/wiki/Tirukkoyilur
820,"Tirupathur, Sivaganga","/wiki/Tirupathur,_Sivaganga"
821,"Tirupathur, Vellore","/wiki/Tirupathur,_Vellore"
822,Tiruppur,/wiki/Tiruppur
823,Tirur,/wiki/Tirur
824,Tiruttani,/wiki/Tiruttani
825,Tiruvethipuram,/wiki/Tiruvethipuram
826,Tiruvuru,/wiki/Tiruvuru
827,Tirwaganj,/wiki/Tirwaganj
828,Titlagarh,/wiki/Titlagarh
829,Tittakudi,/wiki/Tittakudi
830,Todabhim,/wiki/Todabhim
831,Todaraisingh,/wiki/Todaraisingh
832,Tohana,/wiki/Tohana
833,Tuensang,/wiki/Tuensang
834,Tuljapur,/wiki/Tuljapur
835,Tulsipur,/wiki/Tulsipur
836,Tumsar,/wiki/Tumsar
837,Tundla,/wiki/Tundla
838,Tuni,/wiki/Tuni
839,"Tura, Meghalaya","/wiki/Tura,_Meghalaya"
840,Meghalaya,/wiki/Meghalaya
841,U,mw-headline
842,Uchgaon,/wiki/Uchgaon
843,Udaipurwati,/wiki/Udaipurwati
844,Udhagamandalam,/wiki/Udhagamandalam
845,Udhampur,/wiki/Udhampur
846,Udumalaipettai,/wiki/Udumalaipettai
847,Ujhani,/wiki/Ujhani
848,Umarga,/wiki/Umarga
849,Umaria,/wiki/Umaria
850,Umarkhed,/wiki/Umarkhed
851,Umbergaon,/wiki/Umbergaon
852,Umred,/wiki/Umred
853,Umreth,/wiki/Umreth
854,Unjha,/wiki/Unjha
855,Unnamalaikadai,/wiki/Unnamalaikadai
856,Upleta,/wiki/Upleta
857,Uran,/wiki/Uran
858,Uran Islampur,/wiki/Uran_Islampur
859,Uravakonda,/wiki/Uravakonda
860,Urmar Tanda,/wiki/Urmar_Tanda
861,Usilampatti,/wiki/Usilampatti
862,Uthamapalayam,/wiki/Uthamapalayam
863,Uthiramerur,/wiki/Uthiramerur
864,Utraula,/wiki/Utraula
865,Uttarkashi,/wiki/Uttarkashi
866,text-align:center;,text-align:right;
867,Vadakkuvalliyur,/wiki/Vadakkuvalliyur
868,Vadalur,/wiki/Vadalur
869,Vadgaon Kasba,/wiki/Vadgaon_Kasba
870,Vadipatti,/wiki/Vadipatti
871,Vadnagar,/wiki/Vadnagar
872,Vaijapur,/wiki/Vaijapur
873,Vaikom,/wiki/Vaikom
874,Valparai,/wiki/Valparai
875,Vandavasi,/wiki/Vandavasi
876,Vaniyambadi,/wiki/Vaniyambadi
877,Vapi,/wiki/Vapi
878,Varandarappilly,/wiki/Varandarappilly
879,Varkala,/wiki/Varkala
880,Vatakara,/wiki/Vatakara
881,Vedaranyam,/wiki/Vedaranyam
882,Vellakoil,/wiki/Vellakoil
883,Venkatagiri,/wiki/Venkatagiri
884,"Vijainagar, Ajmer","/wiki/Vijainagar,_Ajmer"
885,Vijapur,/wiki/Vijapur
886,Vijayapura,/wiki/Vijayapura
887,Vikarabad,/wiki/Vikarabad
888,Vikasnagar,/wiki/Vikasnagar
889,Vikramasingapuram,/wiki/Vikramasingapuram
890,Viluppuram,/wiki/Viluppuram
891,Vinukonda,/wiki/Vinukonda
892,Viramgam,/wiki/Viramgam
893,Virudhachalam,/wiki/Virudhachalam
894,Virudhunagar,/wiki/Virudhunagar
895,Visnagar,/wiki/Visnagar
896,Viswanatham,/wiki/Viswanatham
897,Vrindavan,/wiki/Vrindavan
898,Vyara,/wiki/Vyara
899,text-align:center;,text-align:right;
900,Wadgaon Road,/wiki/Wadgaon_Road
901,Wadhwan,/wiki/Wadhwan
902,Wanaparthy,/wiki/Wanaparthy
903,Wankaner,/wiki/Wankaner
904,Wara Seoni,/wiki/Wara_Seoni
905,Warhapur,/wiki/Warhapur
906,Warisaliganj,/wiki/Warisaliganj
907,Warora,/wiki/Warora
908,Warud,/wiki/Warud
909,Washim,/wiki/Washim
910,Wokha,/wiki/Wokha
911,text-align:center;,text-align:right;
912,Yadgir,/wiki/Yadgir
913,"Yanam, Puducherry","/wiki/Yanam,_Puducherry"
914,Puducherry,/wiki/Puducherry
915,Yawal,/wiki/Yawal
916,Yellandu,/wiki/Yellandu
917,Yemmiganur,/wiki/Yemmiganur
918,Yerraguntla,/wiki/Yerraguntla
919,Yevla,/wiki/Yevla
920,text-align:center;,text-align:right;
921,Zaidpur,/wiki/Zaidpur
922,Zamania,/wiki/Zamania
923,"Zira, Firozepur","/wiki/Zira,_Firozepur"
924,Zirakpur,/wiki/Zirakpur
925,Zunheboto,/wiki/Zunheboto
926,Jaggaiahpet,/wiki/Jaggaiahpet
927,Jagraon,/wiki/Jagraon
928,Jagtial,/wiki/Jagtial
929,Jalandhar Cantt.,/wiki/Jalandhar_Cantt.
930,Jammalamadugu,/wiki/Jammalamadugu
931,Jamui,/wiki/Jamui
932,"Jangaon, Warangal district","/wiki/Jangaon,_Warangal_district"
933,Jaspur,/wiki/Jaspur
934,Jatani,/wiki/Jatani
935,Jhabrera,/wiki/Jhabrera
936,Jhargram,/wiki/Jhargram
937,Jharsuguda,/wiki/Jharsuguda
938,Jhumri Tilaiya,/wiki/Jhumri_Tilaiya
939,Jorhat,/wiki/Jorhat
940,Joshimath,/wiki/Joshimath
941,Kadiri,/wiki/Kadiri
942,Kagaznagar,/wiki/Kagaznagar
943,Kailasahar,/wiki/Kailasahar
944,Kaladhungi,/wiki/Kaladhungi
945,Kallakurichi,/wiki/Kallakurichi
946,Kalimpong,/wiki/Kalimpong
947,Kalpi,/wiki/Kalpi
948,Kamareddy,/wiki/Kamareddy
949,Kanigiri,/wiki/Kanigiri
950,Kandukur,/wiki/Kandukur
951,Kanhangad,/wiki/Kanhangad
952,Kannur,/wiki/Kannur
953,Kapadvanj,/wiki/Kapadvanj
954,Karaikal,/wiki/Karaikal
955,Puducherry,/wiki/Puducherry
956,Karimganj,/wiki/Karimganj
957,Karjat,/wiki/Karjat
958,Karnaprayag,/wiki/Karnaprayag
959,Karur,/wiki/Karur
960,Kasaragod,/wiki/Kasaragod
961,Kathua,/wiki/Kathua
962,Kavali,/wiki/Kavali
963,Kayamkulam,/wiki/Kayamkulam
964,Kedarnath,/wiki/Kedarnath
965,Kela Khera,/wiki/Kela_Khera
966,Kendrapara,/wiki/Kendrapara
967,Kendujhar,/wiki/Kendujhar
968,Keshod,/wiki/Keshod
969,Khambhat,/wiki/Khambhat
970,"Khanda, Sonipat","/wiki/Khanda,_Sonipat"
971,"Kharar, Mohali","/wiki/Kharar,_Mohali"
972,Khatima,/wiki/Khatima
973,Khowai,/wiki/Khowai
974,Kichha,/wiki/Kichha
975,Kirtinagar,/wiki/Kirtinagar
976,Kodungallur,/wiki/Kodungallur
977,Kohima,/wiki/Kohima
978,Koratla,/wiki/Koratla
979,Kot Kapura,/wiki/Kot_Kapura
980,Kotdwar,/wiki/Kotdwar
981,Kothagudem,/wiki/Kothagudem
982,Kottayam,/wiki/Kottayam
983,Kovvur,/wiki/Kovvur
984,Kunnamkulam,/wiki/Kunnamkulam
985,Kyathampalle,/wiki/Kyathampalle
986,"Kumarganj, Faizabad","/wiki/Kumarganj,_Faizabad"
987,Lachhmangarh,/wiki/Lachhmangarh
988,Ladnu,/wiki/Ladnu
989,Ladwa,/wiki/Ladwa
990,"Lahar, India","/wiki/Lahar,_India"
991,Laharpur,/wiki/Laharpur
992,Lakheri,/wiki/Lakheri
993,Lakhisarai,/wiki/Lakhisarai
994,Laksar,/wiki/Laksar
995,Lakshmeshwar,/wiki/Lakshmeshwar
996,Lal Gopalganj Nindaura,/wiki/Lal_Gopalganj_Nindaura
997,Lalgudi,/wiki/Lalgudi
998,Lalkuan,/wiki/Lalkuan
999,Lalsot,/wiki/Lalsot
1000,Landhaura,/wiki/Landhaura
1001,Lilong (Thoubal),/wiki/Lilong_(Thoubal)
1002,Limbdi,/wiki/Limbdi
1003,Lingsugur,/wiki/Lingsugur
1004,"Loha, Nanded","/wiki/Loha,_Nanded"
1005,Lohaghat,/wiki/Lohaghat
1006,Lohardaga,/wiki/Lohardaga
1007,Lonar,/wiki/Lonar
1008,Lonavla,/wiki/Lonavla
1009,Longowal,/wiki/Longowal
1010,Losal,/wiki/Losal
1011,Lumding,/wiki/Lumding
1012,Lunawada,/wiki/Lunawada
1013,Lunglei,/wiki/Lunglei
1014,Macherla,/wiki/Macherla
1015,"Maddur, Mandya","/wiki/Maddur,_Mandya"
1016,Madhepura,/wiki/Madhepura
1017,"Madhubani, India","/wiki/Madhubani,_India"
1018,Madhugiri,/wiki/Madhugiri
1019,"Madhupur, Deoghar","/wiki/Madhupur,_Deoghar"
1020,Madikeri,/wiki/Madikeri
1021,Magadi,/wiki/Magadi
1022,Mahad,/wiki/Mahad
1023,Mahalingapura,/wiki/Mahalingapura
1024,"Maharajganj, Siwan","/wiki/Maharajganj,_Siwan"
1025,Maharajpur,/wiki/Maharajpur
1026,Mahasamund,/wiki/Mahasamund
1027,"Mahé, India","/wiki/Mah%C3%A9,_India"
1028,Puducherry,/wiki/Puducherry
1029,Manendragarh,/wiki/Manendragarh
1030,Mahendragarh,/wiki/Mahendragarh
1031,Mahnar Bazar,/wiki/Mahnar_Bazar
1032,Mahua Dabra Haripura,/wiki/Mahua_Dabra_Haripura
1033,Mahua Kheraganj,/wiki/Mahua_Kheraganj
1034,Maihar,/wiki/Maihar
1035,Mainaguri,/wiki/Mainaguri
1036,Makhdumpur,/wiki/Makhdumpur
1037,Makrana,/wiki/Makrana
1038,English Bazar,/wiki/English_Bazar
1039,Malaj Khand,/wiki/Malaj_Khand
1040,Malavalli,/wiki/Malavalli
1041,Malkangiri,/wiki/Malkangiri
1042,"Malkapur, Buldhana","/wiki/Malkapur,_Buldhana"
1043,Malout,/wiki/Malout
1044,Malpura,/wiki/Malpura
1045,Malur,/wiki/Malur
1046,Manachanallur,/wiki/Manachanallur
1047,Manavadar,/wiki/Manavadar
1048,Manawar,/wiki/Manawar
1049,Mandalgarh,/wiki/Mandalgarh
1050,Mandamarri,/wiki/Mandamarri
1051,Mandapeta,/wiki/Mandapeta
1052,Mandawa,/wiki/Mandawa
1053,Mandi Dabwali,/wiki/Mandi_Dabwali
1054,Mandideep,/wiki/Mandideep
1055,Mandla,/wiki/Mandla
1056,Mandvi,/wiki/Mandvi
1057,Maner Sharif,/wiki/Maner_Sharif
1058,Mangaldoi,/wiki/Mangaldoi
1059,Mangalvedhe,/wiki/Mangalvedhe
1060,Manglaur,/wiki/Manglaur
1061,"Mangrol, Kathiawar","/wiki/Mangrol,_Kathiawar"
1062,Mangrulpir,/wiki/Mangrulpir
1063,Manihari,/wiki/Manihari
1064,Manjlegaon,/wiki/Manjlegaon
1065,Mankachar,/wiki/Mankachar
1066,Manmad,/wiki/Manmad
1067,"Mansa, Punjab","/wiki/Mansa,_Punjab"
1068,Manuguru,/wiki/Manuguru
1069,Manvi,/wiki/Manvi
1070,Manwath,/wiki/Manwath
1071,Mapusa,/wiki/Mapusa
1072,Margao,/wiki/Margao
1073,Marhaura,/wiki/Marhaura
1074,"Mariani, Jorhat","/wiki/Mariani,_Jorhat"
1075,Marigaon,/wiki/Marigaon
1076,Markapur,/wiki/Markapur
1077,Masaurhi,/wiki/Masaurhi
1078,Mathabhanga,/wiki/Mathabhanga
1079,Mattannur,/wiki/Mattannur
1080,Mauganj,/wiki/Mauganj
1081,Mavelikkara,/wiki/Mavelikkara
1082,Mavoor,/wiki/Mavoor
1083,Mayang Imphal,/wiki/Mayang_Imphal
1084,Medak,/wiki/Medak
1085,Medinipur,/wiki/Medinipur
1086,Mehkar,/wiki/Mehkar
1087,Mahemdabad,/wiki/Mahemdabad
1088,Memari,/wiki/Memari
1089,Merta City,/wiki/Merta_City
1090,Mhaswad,/wiki/Mhaswad
1091,Mhow,/wiki/Mhow
1092,Mhowgaon,/wiki/Mhowgaon
1093,Mihijam,/wiki/Mihijam
1094,Miryalaguda,/wiki/Miryalaguda
1095,Modasa,/wiki/Modasa
1096,Mokameh,/wiki/Mokameh
1097,Mokokchung,/wiki/Mokokchung
1098,Monoharpur,/wiki/Monoharpur
1099,"Morinda, India","/wiki/Morinda,_India"
1100,Morshi,/wiki/Morshi
1101,"Motipur, India","/wiki/Motipur,_India"
1102,Mount Abu,/wiki/Mount_Abu
1103,Mudalagi,/wiki/Mudalagi
1104,Mudabidri,/wiki/Mudabidri
1105,Muddebihal,/wiki/Muddebihal
1106,Mudhol,/wiki/Mudhol
1107,Mukerian,/wiki/Mukerian
1108,Mukhed,/wiki/Mukhed
1109,Muktsar,/wiki/Muktsar
1110,"Mul, India","/wiki/Mul,_India"
1111,Mulbagal,/wiki/Mulbagal
1112,Multai,/wiki/Multai
1113,Mundi,/wiki/Mundi
1114,Mundargi,/wiki/Mundargi
1115,Mungeli,/wiki/Mungeli
1116,Muni Ki Reti,/wiki/Muni_Ki_Reti
1117,Murliganj,/wiki/Murliganj
1118,Murshidabad,/wiki/Murshidabad
1119,Murtijapur,/wiki/Murtijapur
1120,Musabani,/wiki/Musabani
1121,Mussoorie,/wiki/Mussoorie
1122,Muvattupuzha,/wiki/Muvattupuzha
1123,Nabarangapur,/wiki/Nabarangapur
1124,Nabha,/wiki/Nabha
1125,Nadbai,/wiki/Nadbai
1126,Nagarkurnool,/wiki/Nagarkurnool
1127,Nagina,/wiki/Nagina
1128,Nagla,/wiki/Nagla
1129,Nahan,/wiki/Nahan
1130,Naharlagun,/wiki/Naharlagun
1131,Naidupet,/wiki/Naidupet
1132,Naila Janjgir,/wiki/Naila_Janjgir
1133,Nainital,/wiki/Nainital
1134,Nainpur,/wiki/Nainpur
1135,Najibabad,/wiki/Najibabad
1136,Nakodar,/wiki/Nakodar
1137,Nakur,/wiki/Nakur
1138,Nalbari,/wiki/Nalbari
1139,Namagiripettai,/wiki/Namagiripettai
1140,Namakkal,/wiki/Namakkal
1141,Nandaprayag,/wiki/Nandaprayag
1142,Nandivaram-Guduvancheri,/wiki/Nandivaram-Guduvancheri
1143,Nandura,/wiki/Nandura
1144,Nangal,/wiki/Nangal
1145,Nanjangud,/wiki/Nanjangud
1146,Nanjikottai,/wiki/Nanjikottai
1147,Nanpara,/wiki/Nanpara
1148,"Narasapuram, West Godavari","/wiki/Narasapuram,_West_Godavari"
1149,Naraura,/wiki/Naraura
1150,Narayanpet,/wiki/Narayanpet
1151,Narendranagar,/wiki/Narendranagar
1152,Nargund,/wiki/Nargund
1153,Narkatiaganj,/wiki/Narkatiaganj
1154,Narkhed,/wiki/Narkhed
1155,Narnaul,/wiki/Narnaul
1156,"Narsinghgarh, Damoh","/wiki/Narsinghgarh,_Damoh"
1157,"Narsinghgarh, Rajgarh","/wiki/Narsinghgarh,_Rajgarh"
1158,Narsipatnam,/wiki/Narsipatnam
1159,Narwana,/wiki/Narwana
1160,"Nasirabad, Ajmer","/wiki/Nasirabad,_Ajmer"
1161,Natham,/wiki/Natham
1162,Nathdwara,/wiki/Nathdwara
1163,Naugachhia,/wiki/Naugachhia
1164,Naugawan Sadat,/wiki/Naugawan_Sadat
1165,"Naura, India","/wiki/Naura,_India"
1166,Punjab,/wiki/Punjab
1167,Nautanwa,/wiki/Nautanwa
1168,Navalgund,/wiki/Navalgund
1169,"Nawabganj, Bareilly","/wiki/Nawabganj,_Bareilly"
1170,Nawada,/wiki/Nawada
1171,Nawanshahr,/wiki/Nawanshahr
1172,Nawapur,/wiki/Nawapur
1173,Nedumangad,/wiki/Nedumangad
1174,Nedumbassery,/wiki/Nedumbassery
1175,Neem-Ka-Thana,/wiki/Neem-Ka-Thana
1176,Nehtaur,/wiki/Nehtaur
1177,Nelamangala,/wiki/Nelamangala
1178,Nellikuppam,/wiki/Nellikuppam
1179,Nepanagar,/wiki/Nepanagar
1180,Neyyattinkara,/wiki/Neyyattinkara
1181,Nidadavole,/wiki/Nidadavole
1182,Nilanga,/wiki/Nilanga
1183,Nilambur,/wiki/Nilambur
1184,Nimbahera,/wiki/Nimbahera
1185,Nirmal,/wiki/Nirmal
1186,Niwai,/wiki/Niwai
1187,Nohar,/wiki/Nohar
1188,"Nokha, Rohtas","/wiki/Nokha,_Rohtas"
1189,"Nokha, Bikaner","/wiki/Nokha,_Bikaner"
1190,Nongstoin,/wiki/Nongstoin
1191,Meghalaya,/wiki/Meghalaya
1192,North Lakhimpur,/wiki/North_Lakhimpur
1193,"Nowgong, Chhatarpur","/wiki/Nowgong,_Chhatarpur"
1194,Nowrozabad,/wiki/Nowrozabad
1195,Nuzvid,/wiki/Nuzvid
1196,O' Valley,/wiki/O%27_Valley
1197,Oddanchatram,/wiki/Oddanchatram
1198,"Obra, India","/wiki/Obra,_India"
1199,Ottappalam,/wiki/Ottappalam
1200,"Ozar, Nashik District","/wiki/Ozar,_Nashik_District"
1201,Owk,/wiki/Owk
1202,P.N.Patti,/wiki/P.N.Patti
1203,Palampur,/wiki/Palampur
1204,Pachora,/wiki/Pachora
1205,Pachore,/wiki/Pachore
1206,Pacode,/wiki/Pacode
1207,Padmanabhapuram,/wiki/Padmanabhapuram
1208,Padra,/wiki/Padra
1209,Padrauna,/wiki/Padrauna
1210,Paithan,/wiki/Paithan
1211,Pakaur,/wiki/Pakaur
1212,Palai,/wiki/Palai
1213,Palani,/wiki/Palani
1214,Palasa-Kasibugga,/wiki/Palasa-Kasibugga
1215,Palghar,/wiki/Palghar
1216,"Pali, Umaria","/wiki/Pali,_Umaria"
1217,Palia Kalan,/wiki/Palia_Kalan
1218,Palitana,/wiki/Palitana
1219,Palladam,/wiki/Palladam
1220,"Pallapatti, Virudhunagar","/wiki/Pallapatti,_Virudhunagar"
1221,Pallikonda,/wiki/Pallikonda
1222,Palwancha,/wiki/Palwancha
1223,Panagar,/wiki/Panagar
1224,Panagudi,/wiki/Panagudi
1225,Panaji,/wiki/Panaji
1226,Panamattom,/wiki/Panamattom
1227,Panchla,/wiki/Panchla
1228,Pandharkaoda,/wiki/Pandharkaoda
1229,Pandharpur,/wiki/Pandharpur
1230,Pandhurna,/wiki/Pandhurna
1231,"Pandua, Hooghly","/wiki/Pandua,_Hooghly"
1232,"Panna, India","/wiki/Panna,_India"
1233,Panniyannur,/wiki/Panniyannur
1234,Panruti,/wiki/Panruti
1235,Pappinisseri,/wiki/Pappinisseri
1236,Paradip,/wiki/Paradip
1237,Paramakudi,/wiki/Paramakudi
1238,Parangipettai,/wiki/Parangipettai
1239,Parasi,/wiki/Parasi
1240,"Paravur, Kollam","/wiki/Paravur,_Kollam"
1241,Pardi,/wiki/Pardi
1242,Parlakhemundi,/wiki/Parlakhemundi
1243,Partur,/wiki/Partur
1244,Pasan,/wiki/Pasan
1245,Paschim Punropara,/wiki/Paschim_Punropara
1246,Pasighat,/wiki/Pasighat
1247,Pathanamthitta,/wiki/Pathanamthitta
1248,Pathardi,/wiki/Pathardi
1249,Pathri,/wiki/Pathri
1250,Pattran,/wiki/Pattran
1251,Pattamundai,/wiki/Pattamundai
1252,"Patti, Punjab","/wiki/Patti,_Punjab"
1253,Pattukkottai,/wiki/Pattukkottai
1254,Patur,/wiki/Patur
1255,Pauni,/wiki/Pauni
1256,Pauri,/wiki/Pauri
1257,Pavagada,/wiki/Pavagada
1258,Pedana,/wiki/Pedana
1259,Peddapuram,/wiki/Peddapuram
1260,Pehowa,/wiki/Pehowa
1261,"Pen, India","/wiki/Pen,_India"
1262,Perambalur,/wiki/Perambalur
1263,Peravurani,/wiki/Peravurani
1264,Peringathur,/wiki/Peringathur
1265,Perinthalmanna,/wiki/Perinthalmanna
1266,Periyakulam,/wiki/Periyakulam
1267,Periyasemur,/wiki/Periyasemur
1268,Pernampattu,/wiki/Pernampattu
1269,Perumbavoor,/wiki/Perumbavoor
1270,Petlad,/wiki/Petlad
1271,Phalodi,/wiki/Phalodi
1272,Phaltan,/wiki/Phaltan
1273,Phagwara,/wiki/Phagwara
1274,Phillaur,/wiki/Phillaur
1275,Phulabani,/wiki/Phulabani
1276,Phulera,/wiki/Phulera
1277,"Phulpur, Allahabad","/wiki/Phulpur,_Allahabad"
1278,Pihani,/wiki/Pihani
1279,Pilani,/wiki/Pilani
1280,Pilibanga,/wiki/Pilibanga
1281,Pilkhuwa,/wiki/Pilkhuwa
1282,Pindwara,/wiki/Pindwara
1283,Pipar City,/wiki/Pipar_City
1284,"Piro, Bhojpur","/wiki/Piro,_Bhojpur"
1285,Piriyapatna,/wiki/Piriyapatna
1286,Pithampur,/wiki/Pithampur
1287,Pithapuram,/wiki/Pithapuram
1288,Pithoragarh,/wiki/Pithoragarh
1289,Polur,/wiki/Polur
1290,Ponnani,/wiki/Ponnani
1291,Ponneri,/wiki/Ponneri
1292,Ponnur,/wiki/Ponnur
1293,Porsa,/wiki/Porsa
1294,Port Blair,/wiki/Port_Blair
1295,Andaman and Nicobar Islands,/wiki/Andaman_and_Nicobar_Islands
1296,Powayan,/wiki/Powayan
1297,Prantij,/wiki/Prantij
1298,Prithvipur,/wiki/Prithvipur
1299,Pudupattinam,/wiki/Pudupattinam
1300,Pukhrayan,/wiki/Pukhrayan
1301,Pulgaon,/wiki/Pulgaon
1302,Puliyankudi,/wiki/Puliyankudi
1303,Punalur,/wiki/Punalur
1304,Poonch (town),/wiki/Poonch_(town)
1305,Punjaipugalur,/wiki/Punjaipugalur
1306,Punganur,/wiki/Punganur
1307,Puranpur,/wiki/Puranpur
1308,Purna,/wiki/Purna
1309,Purquazi,/wiki/Purquazi
1310,Purwa,/wiki/Purwa
1311,Pusad,/wiki/Pusad
1312,"Puthuppally, Kottayam","/wiki/Puthuppally,_Kottayam"
1313,Qadian,/wiki/Qadian
1314,Koyilandy,/wiki/Koyilandy
1315,Rabkavi Banhatti,/wiki/Rabkavi_Banhatti
1316,Radhanpur,/wiki/Radhanpur
1317,Rafiganj,/wiki/Rafiganj
1318,Raghogarh-Vijaypur,/wiki/Raghogarh-Vijaypur
1319,"Raghunathpur, Purulia","/wiki/Raghunathpur,_Purulia"
1320,Rahatgarh,/wiki/Rahatgarh
1321,Rahuri,/wiki/Rahuri
1322,Raikot,/wiki/Raikot
1323,Rairangpur,/wiki/Rairangpur
1324,Raisen,/wiki/Raisen
1325,Raisinghnagar,/wiki/Raisinghnagar
1326,Rajagangapur,/wiki/Rajagangapur
1327,Rajakhera,/wiki/Rajakhera
1328,Rajaldesar,/wiki/Rajaldesar
1329,Rajam,/wiki/Rajam
1330,Rajauri,/wiki/Rajauri
1331,Rajesultanpur,/wiki/Rajesultanpur
1332,"Rajgarh, Alwar","/wiki/Rajgarh,_Alwar"
1333,"Rajgarh, Churu","/wiki/Rajgarh,_Churu"
1334,Rajgir,/wiki/Rajgir
1335,Rajpipla,/wiki/Rajpipla
1336,Rajpura,/wiki/Rajpura
1337,Rajsamand,/wiki/Rajsamand
1338,Rajula,/wiki/Rajula
1339,Rajura,/wiki/Rajura
1340,"Ramachandrapuram, East Godavari","/wiki/Ramachandrapuram,_East_Godavari"
1341,Ramanagaram,/wiki/Ramanagaram
1342,Ramanathapuram,/wiki/Ramanathapuram
1343,Ramdurg,/wiki/Ramdurg
1344,Rameshwaram,/wiki/Rameshwaram
1345,Ramganj Mandi,/wiki/Ramganj_Mandi
1346,"Ramgarh, Sikar","/wiki/Ramgarh,_Sikar"
1347,"Ramnagar, Paschim Champaran","/wiki/Ramnagar,_Paschim_Champaran"
1348,Rampur Maniharan,/wiki/Rampur_Maniharan
1349,Rampura Phul,/wiki/Rampura_Phul
1350,Rampurhat,/wiki/Rampurhat
1351,Ramtek,/wiki/Ramtek
1352,Ranavav,/wiki/Ranavav
1353,Rangiya,/wiki/Rangiya
1354,Ranibennur,/wiki/Ranibennur
1355,Rapar,/wiki/Rapar
1356,Rasipuram,/wiki/Rasipuram
1357,Rasra,/wiki/Rasra
1358,"Ratangarh, Churu","/wiki/Ratangarh,_Churu"
1359,"Rath, India","/wiki/Rath,_India"
1360,Ratia,/wiki/Ratia
1361,Ratnagiri,/wiki/Ratnagiri
1362,Rau,/wiki/Rau
1363,Rawatbhata,/wiki/Rawatbhata
1364,Rawatsar,/wiki/Rawatsar
1365,Raxaul Bazar,/wiki/Raxaul_Bazar
1366,Rayachoti,/wiki/Rayachoti
1367,Rayadurg,/wiki/Rayadurg
1368,Rayagada,/wiki/Rayagada
1369,Reengus,/wiki/Reengus
1370,Rehli,/wiki/Rehli
1371,Renigunta,/wiki/Renigunta
1372,Renukoot,/wiki/Renukoot
1373,Reoti,/wiki/Reoti
1374,Repalle,/wiki/Repalle
1375,Revelganj,/wiki/Revelganj
1376,Rishikesh,/wiki/Rishikesh
1377,Risod,/wiki/Risod
1378,Robertsganj,/wiki/Robertsganj
1379,Rosera,/wiki/Rosera
1380,Rudauli,/wiki/Rudauli
1381,Rudraprayag,/wiki/Rudraprayag
1382,Rupnagar,/wiki/Rupnagar
1383,Sabalgarh,/wiki/Sabalgarh
1384,Sadasivpet,/wiki/Sadasivpet
1385,Sadri,/wiki/Sadri
1386,Sadulshahar,/wiki/Sadulshahar
1387,Safidon,/wiki/Safidon
1388,Safipur,/wiki/Safipur
1389,Sagwara,/wiki/Sagwara
1390,Sahaspur,/wiki/Sahaspur
1391,Sahaswan,/wiki/Sahaswan
1392,Sahawar,/wiki/Sahawar
1393,Sahibganj,/wiki/Sahibganj
1394,Sahjanwa,/wiki/Sahjanwa
1395,"Saidpur, Ghazipur","/wiki/Saidpur,_Ghazipur"
1396,Saiha,/wiki/Saiha
1397,Sailu,/wiki/Sailu
1398,Sainthia,/wiki/Sainthia
1399,Sakaleshapura,/wiki/Sakaleshapura
1400,Salaya,/wiki/Salaya
1401,Salur,/wiki/Salur
1402,Samalkha,/wiki/Samalkha
1403,Samalkot,/wiki/Samalkot
1404,"Samana, Patiala","/wiki/Samana,_Patiala"
1405,Samastipur,/wiki/Samastipur
1406,Samdhan,/wiki/Samdhan
1407,Samthar,/wiki/Samthar
1408,Sanand,/wiki/Sanand
1409,Sanawad,/wiki/Sanawad
1410,Sanchore,/wiki/Sanchore
1411,Sanivarapupeta,/wiki/Sanivarapupeta
1412,Sarsod,/wiki/Sarsod
1413,Sindagi,/wiki/Sindagi
1414,Sandila,/wiki/Sandila
1415,Sanduru,/wiki/Sanduru
1416,Sangamner,/wiki/Sangamner
1417,Sangareddy,/wiki/Sangareddy
1418,Sangole,/wiki/Sangole
1419,Sangrur,/wiki/Sangrur
1420,Sankarankovil,/wiki/Sankarankovil
1421,Sankari,/wiki/Sankari
1422,Sankeshwara,/wiki/Sankeshwara
1423,Sardarshahar,/wiki/Sardarshahar
1424,Sardhana,/wiki/Sardhana
1425,Sarsawa,/wiki/Sarsawa
1426,Nagar Palika,/wiki/Nagar_Palika
1427,Sasvad,/wiki/Sasvad
1428,Satana (India),/wiki/Satana_(India)
1429,Sathyamangalam,/wiki/Sathyamangalam
1430,Satrampadu,/wiki/Satrampadu
1431,Sattenapalle,/wiki/Sattenapalle
1432,Sattur,/wiki/Sattur
1433,Saunda,/wiki/Saunda
1434,Saundatti-Yellamma,/wiki/Saundatti-Yellamma
1435,Sausar,/wiki/Sausar
1436,Savarkundla,/wiki/Savarkundla
1437,"Savanur, Haveri","/wiki/Savanur,_Haveri"
1438,Savner,/wiki/Savner
1439,Sawantwadi,/wiki/Sawantwadi
1440,Sedam,/wiki/Sedam
1441,Sehore,/wiki/Sehore
1442,Sendhwa,/wiki/Sendhwa
1443,Seohara,/wiki/Seohara
1444,Seoni,/wiki/Seoni
1445,Seoni Malwa,/wiki/Seoni_Malwa
1446,"Shahabad, Gulbarga","/wiki/Shahabad,_Gulbarga"
1447,"Shahabad, Hardoi","/wiki/Shahabad,_Hardoi"
1448,"Shahabad, Rampur","/wiki/Shahabad,_Rampur"
1449,Shahbad,/wiki/Shahbad
1450,Shahdol,/wiki/Shahdol
1451,Shahganj,/wiki/Shahganj
1452,"Shahpura, Jaipur","/wiki/Shahpura,_Jaipur"
1453,"Shahpura, Bhilwara","/wiki/Shahpura,_Bhilwara"
1454,Shajapur,/wiki/Shajapur
1455,Shaktigarh,/wiki/Shaktigarh
1456,Shamgarh,/wiki/Shamgarh
1457,Shamli,/wiki/Shamli
1458,"Shamsabad, Agra","/wiki/Shamsabad,_Agra"
1459,"Shamsabad, Farrukhabad","/wiki/Shamsabad,_Farrukhabad"
1460,Shegaon,/wiki/Shegaon
1461,Sheikhpura,/wiki/Sheikhpura
1462,Shendurjana,/wiki/Shendurjana
1463,Shenkottai,/wiki/Shenkottai
1464,Sheoganj,/wiki/Sheoganj
1465,Sheohar,/wiki/Sheohar
1466,Sheopur,/wiki/Sheopur
1467,Sherghati,/wiki/Sherghati
1468,Sherkot,/wiki/Sherkot
1469,Shiggaon,/wiki/Shiggaon
1470,Shikaripur,/wiki/Shikaripur
1471,"Shikarpur, Bulandshahr","/wiki/Shikarpur,_Bulandshahr"
1472,Shikohabad,/wiki/Shikohabad
1473,Shirdi,/wiki/Shirdi
1474,Shirpur-Warwade,/wiki/Shirpur-Warwade
1475,Shishgarh,/wiki/Shishgarh
1476,Sholavandan,/wiki/Sholavandan
1477,Sholingur,/wiki/Sholingur
1478,Shoranur,/wiki/Shoranur
1479,Surapura,/wiki/Surapura
1480,Shrigonda,/wiki/Shrigonda
1481,Shrirampur,/wiki/Shrirampur
1482,Shrirangapattana,/wiki/Shrirangapattana
1483,Shujalpur,/wiki/Shujalpur
1484,Siana,/wiki/Siana
1485,Sibsagar,/wiki/Sibsagar
1486,Siddipet,/wiki/Siddipet
1487,Sidhi,/wiki/Sidhi
1488,Sidhpur,/wiki/Sidhpur
1489,Sidlaghatta,/wiki/Sidlaghatta
1490,Sihor,/wiki/Sihor
1491,Sihora,/wiki/Sihora
1492,Sikandra Rao,/wiki/Sikandra_Rao
1493,Sikandrabad,/wiki/Sikandrabad
1494,Silao,/wiki/Silao
1495,Silapathar,/wiki/Silapathar
1496,Sillod,/wiki/Sillod
1497,Silvassa,/wiki/Silvassa
1498,Dadra and Nagar Haveli,/wiki/Dadra_and_Nagar_Haveli
1499,Simdega,/wiki/Simdega
1500,Sindhagi,/wiki/Sindhagi
1501,Sindhnur,/wiki/Sindhnur
1502,Sinnar,/wiki/Sinnar
1503,"Sira, India","/wiki/Sira,_India"
1504,Sircilla,/wiki/Sircilla
1505,Sirhind-Fategarh,/wiki/Sirhind-Fategarh
1506,Sirkali,/wiki/Sirkali
1507,Sirohi,/wiki/Sirohi
1508,Sironj,/wiki/Sironj
1509,Sirsaganj,/wiki/Sirsaganj
1510,Siruguppa,/wiki/Siruguppa
1511,Sitamarhi,/wiki/Sitamarhi
1512,Sitarganj,/wiki/Sitarganj
1513,Sivaganga,/wiki/Sivaganga
1514,"Sivagiri, Tirunelveli","/wiki/Sivagiri,_Tirunelveli"
1515,Sohagpur,/wiki/Sohagpur
1516,Sohna,/wiki/Sohna
1517,Sojat,/wiki/Sojat
1518,Sonamukhi,/wiki/Sonamukhi
1519,Songadh,/wiki/Songadh
1520,Sopore,/wiki/Sopore
1521,"Soro, Baleshwar","/wiki/Soro,_Baleshwar"
1522,Soron,/wiki/Soron
1523,Soyagaon,/wiki/Soyagaon
1524,Sri Madhopur,/wiki/Sri_Madhopur
1525,Srikalahasti,/wiki/Srikalahasti
1526,Srinivaspur,/wiki/Srinivaspur
1527,Srisailam Project (RFC) Township,/wiki/Srisailam_Project_(RFC)_Township
1528,Srirampore subdivision,/wiki/Srirampore_subdivision
1529,Srivilliputhur,/wiki/Srivilliputhur
1530,Suar,/wiki/Suar
1531,Sugauli,/wiki/Sugauli
1532,Sujangarh,/wiki/Sujangarh
1533,Sujanpur,/wiki/Sujanpur
1534,Sultanganj,/wiki/Sultanganj
1535,Sullurpeta,/wiki/Sullurpeta
1536,Sumerpur,/wiki/Sumerpur
1537,Sunabeda,/wiki/Sunabeda
1538,Sunam,/wiki/Sunam
1539,Sundargarh,/wiki/Sundargarh
1540,Sundarnagar,/wiki/Sundarnagar
1541,Supaul,/wiki/Supaul
1542,Surandai,/wiki/Surandai
1543,Suratgarh,/wiki/Suratgarh
1544,"Suri, Birbhum","/wiki/Suri,_Birbhum"
1545,Suriyampalayam,/wiki/Suriyampalayam
1546,Takhatgarh,/wiki/Takhatgarh
1547,Taki (India),/wiki/Taki_(India)
1548,Talaja,/wiki/Talaja
1549,Talcher,/wiki/Talcher
1550,Talegaon Dabhade,/wiki/Talegaon_Dabhade
1551,Taliparamba,/wiki/Taliparamba
1552,Talode,/wiki/Talode
1553,Talwara,/wiki/Talwara
1554,Tamluk,/wiki/Tamluk
1555,Tanakpur,/wiki/Tanakpur
1556,"Tanda, Ambedkar Nagar","/wiki/Tanda,_Ambedkar_Nagar"
1557,Tandur,/wiki/Tandur
1558,Tanuku,/wiki/Tanuku
1559,Tarakeswar,/wiki/Tarakeswar
1560,Tarana,/wiki/Tarana
1561,Taranagar,/wiki/Taranagar
1562,Taraori,/wiki/Taraori
1563,Tarbha,/wiki/Tarbha
1564,"Tarikere, Chikmagalur","/wiki/Tarikere,_Chikmagalur"
1565,Tarn Taran Sahib,/wiki/Tarn_Taran_Sahib
1566,Tasgaon,/wiki/Tasgaon
1567,Tehri,/wiki/Tehri
1568,Tekkalakote,/wiki/Tekkalakote
1569,Tenkasi,/wiki/Tenkasi
1570,Tenu dam-cum-Kathhara,/wiki/Tenu_dam-cum-Kathhara
1571,Terdal,/wiki/Terdal
1572,Tezpur,/wiki/Tezpur
1573,Thakurdwara,/wiki/Thakurdwara
1574,Thammampatti,/wiki/Thammampatti
1575,Thana Bhawan,/wiki/Thana_Bhawan
1576,Thangadh,/wiki/Thangadh
1577,Tharad,/wiki/Tharad
1578,Tharamangalam,/wiki/Tharamangalam
1579,Tharangambadi,/wiki/Tharangambadi
1580,Theni Allinagaram,/wiki/Theni_Allinagaram
1581,"Tirumangalam, Madurai","/wiki/Tirumangalam,_Madurai"
1582,"Thirupuvanam, Sivaganga","/wiki/Thirupuvanam,_Sivaganga"
1583,Thiruthuraipoondi,/wiki/Thiruthuraipoondi
1584,Thiruvalla,/wiki/Thiruvalla
1585,Thiruvallur,/wiki/Thiruvallur
1586,Thiruvarur,/wiki/Thiruvarur
1587,Thodupuzha,/wiki/Thodupuzha
1588,Thoubal,/wiki/Thoubal
1589,Thrippunithura,/wiki/Thrippunithura
1590,Thrissur,/wiki/Thrissur
1591,Thuraiyur,/wiki/Thuraiyur
1592,Tikamgarh,/wiki/Tikamgarh
1593,Tilda Newra,/wiki/Tilda_Newra
1594,Tilhar,/wiki/Tilhar
1595,Talikota,/wiki/Talikota
1596,Tindivanam,/wiki/Tindivanam
1597,Tinsukia,/wiki/Tinsukia
1598,Tiptur,/wiki/Tiptur
1599,Tirora,/wiki/Tirora
1600,Tiruchendur,/wiki/Tiruchendur
1601,Tiruchengode,/wiki/Tiruchengode
1602,Tirukalukundram,/wiki/Tirukalukundram
1603,Tirukkoyilur,/wiki/Tirukkoyilur
1604,"Tirupathur, Sivaganga","/wiki/Tirupathur,_Sivaganga"
1605,"Tirupathur, Vellore","/wiki/Tirupathur,_Vellore"
1606,Tiruppur,/wiki/Tiruppur
1607,Tirur,/wiki/Tirur
1608,Tiruttani,/wiki/Tiruttani
1609,Tiruvethipuram,/wiki/Tiruvethipuram
1610,Tiruvuru,/wiki/Tiruvuru
1611,Tirwaganj,/wiki/Tirwaganj
1612,Titlagarh,/wiki/Titlagarh
1613,Tittakudi,/wiki/Tittakudi
1614,Todabhim,/wiki/Todabhim
1615,Todaraisingh,/wiki/Todaraisingh
1616,Tohana,/wiki/Tohana
1617,Tuensang,/wiki/Tuensang
1618,Tuljapur,/wiki/Tuljapur
1619,Tulsipur,/wiki/Tulsipur
1620,Tumsar,/wiki/Tumsar
1621,Tundla,/wiki/Tundla
1622,Tuni,/wiki/Tuni
1623,"Tura, Meghalaya","/wiki/Tura,_Meghalaya"
1624,Meghalaya,/wiki/Meghalaya
1625,Uchgaon,/wiki/Uchgaon
1626,Udaipurwati,/wiki/Udaipurwati
1627,Udhagamandalam,/wiki/Udhagamandalam
1628,Udhampur,/wiki/Udhampur
1629,Udumalaipettai,/wiki/Udumalaipettai
1630,Ujhani,/wiki/Ujhani
1631,Umarga,/wiki/Umarga
1632,Umaria,/wiki/Umaria
1633,Umarkhed,/wiki/Umarkhed
1634,Umbergaon,/wiki/Umbergaon
1635,Umred,/wiki/Umred
1636,Umreth,/wiki/Umreth
1637,Unjha,/wiki/Unjha
1638,Unnamalaikadai,/wiki/Unnamalaikadai
1639,Upleta,/wiki/Upleta
1640,Uran,/wiki/Uran
1641,Uran Islampur,/wiki/Uran_Islampur
1642,Uravakonda,/wiki/Uravakonda
1643,Urmar Tanda,/wiki/Urmar_Tanda
1644,Usilampatti,/wiki/Usilampatti
1645,Uthamapalayam,/wiki/Uthamapalayam
1646,Uthiramerur,/wiki/Uthiramerur
1647,Utraula,/wiki/Utraula
1648,Uttarkashi,/wiki/Uttarkashi
1649,Vadakkuvalliyur,/wiki/Vadakkuvalliyur
1650,Vadalur,/wiki/Vadalur
1651,Vadgaon Kasba,/wiki/Vadgaon_Kasba
1652,Vadipatti,/wiki/Vadipatti
1653,Vadnagar,/wiki/Vadnagar
1654,Vaijapur,/wiki/Vaijapur
1655,Vaikom,/wiki/Vaikom
1656,Valparai,/wiki/Valparai
1657,Vandavasi,/wiki/Vandavasi
1658,Vaniyambadi,/wiki/Vaniyambadi
1659,Vapi,/wiki/Vapi
1660,Varandarappilly,/wiki/Varandarappilly
1661,Varkala,/wiki/Varkala
1662,Vatakara,/wiki/Vatakara
1663,Vedaranyam,/wiki/Vedaranyam
1664,Vellakoil,/wiki/Vellakoil
1665,Venkatagiri,/wiki/Venkatagiri
1666,"Vijainagar, Ajmer","/wiki/Vijainagar,_Ajmer"
1667,Vijapur,/wiki/Vijapur
1668,Vijayapura,/wiki/Vijayapura
1669,Vikarabad,/wiki/Vikarabad
1670,Vikasnagar,/wiki/Vikasnagar
1671,Vikramasingapuram,/wiki/Vikramasingapuram
1672,Viluppuram,/wiki/Viluppuram
1673,Vinukonda,/wiki/Vinukonda
1674,Viramgam,/wiki/Viramgam
1675,Virudhachalam,/wiki/Virudhachalam
1676,Virudhunagar,/wiki/Virudhunagar
1677,Visnagar,/wiki/Visnagar
1678,Viswanatham,/wiki/Viswanatham
1679,Vrindavan,/wiki/Vrindavan
1680,Vyara,/wiki/Vyara
1681,Wadgaon Road,/wiki/Wadgaon_Road
1682,Wadhwan,/wiki/Wadhwan
1683,Wanaparthy,/wiki/Wanaparthy
1684,Wankaner,/wiki/Wankaner
1685,Wara Seoni,/wiki/Wara_Seoni
1686,Warhapur,/wiki/Warhapur
1687,Warisaliganj,/wiki/Warisaliganj
1688,Warora,/wiki/Warora
1689,Warud,/wiki/Warud
1690,Washim,/wiki/Washim
1691,Wokha,/wiki/Wokha
1692,Yadgir,/wiki/Yadgir
1693,"Yanam, Puducherry","/wiki/Yanam,_Puducherry"
1694,Puducherry,/wiki/Puducherry
1695,Yawal,/wiki/Yawal
1696,Yellandu,/wiki/Yellandu
1697,Yemmiganur,/wiki/Yemmiganur
1698,Yerraguntla,/wiki/Yerraguntla
1699,Yevla,/wiki/Yevla
1700,Zaidpur,/wiki/Zaidpur
1701,Zamania,/wiki/Zamania
1702,"Zira, Firozepur","/wiki/Zira,_Firozepur"
1703,Zirakpur,/wiki/Zirakpur
1704,Zunheboto,/wiki/Zunheboto
